cv_metric_AUC,logLoss,AUC,prAUC,Accuracy,Kappa,F1,Sensitivity,Specificity,Pos_Pred_Value,Neg_Pred_Value,Precision,Recall,Detection_Rate,Balanced_Accuracy,method,seed
0.888894444444444,0.655866439864602,0.844444444444444,0.77387525549119,0.789473684210526,0.568181818181818,0.714285714285714,0.555555555555556,1,1,0.714285714285714,1,0.555555555555556,0.263157894736842,0.777777777777778,glmnet,100
0.919072222222222,0.511102730891998,0.833333333333333,0.7630087102635,0.842105263157895,0.683333333333333,0.833333333333333,0.833333333333333,0.85,0.833333333333333,0.85,0.833333333333333,0.833333333333333,0.394736842105263,0.841666666666667,glmnet,101
0.873261111111111,0.487776282769995,0.897222222222222,0.834764952399254,0.894736842105263,0.787709497206704,0.882352941176471,0.833333333333333,0.95,0.9375,0.863636363636364,0.9375,0.833333333333333,0.394736842105263,0.891666666666667,glmnet,102
0.821644444444444,0.507437925673157,0.958333333333333,0.908275058072467,0.868421052631579,0.738292011019284,0.871794871794872,0.944444444444444,0.8,0.80952380952381,0.941176470588235,0.80952380952381,0.944444444444444,0.447368421052632,0.872222222222222,glmnet,103
0.905061111111111,0.524931342021588,0.894444444444444,0.826801898914641,0.921052631578947,0.840336134453782,0.930232558139535,1,0.833333333333333,0.869565217391304,1,0.869565217391304,1,0.526315789473684,0.916666666666667,glmnet,104
0.908361111111111,0.525649220302307,0.827777777777778,0.768762671188486,0.842105263157895,0.677966101694915,0.8,0.666666666666667,1,1,0.769230769230769,1,0.666666666666667,0.315789473684211,0.833333333333333,glmnet,105
0.862594444444444,0.641017325794352,0.902777777777778,0.857818265582827,0.842105263157895,0.681564245810056,0.823529411764706,0.777777777777778,0.9,0.875,0.818181818181818,0.875,0.777777777777778,0.368421052631579,0.838888888888889,glmnet,106
0.906283333333333,0.450264370759201,0.897222222222222,0.836682188550813,0.868421052631579,0.732394366197183,0.838709677419355,0.722222222222222,1,1,0.8,1,0.722222222222222,0.342105263157895,0.861111111111111,glmnet,107
0.852494444444444,0.631015878465849,0.905555555555556,0.852458579798286,0.842105263157895,0.677966101694915,0.8,0.666666666666667,1,1,0.769230769230769,1,0.666666666666667,0.315789473684211,0.833333333333333,glmnet,108
0.899866666666667,0.63536295290879,0.897222222222222,0.828240720453719,0.842105263157895,0.679775280898876,0.8125,0.722222222222222,0.95,0.928571428571428,0.791666666666667,0.928571428571429,0.722222222222222,0.342105263157895,0.836111111111111,glmnet,109
0.941766666666667,0.520281788968546,0.819444444444444,0.760695868955952,0.815789473684211,0.627450980392157,0.787878787878788,0.722222222222222,0.9,0.866666666666667,0.782608695652174,0.866666666666667,0.722222222222222,0.342105263157895,0.811111111111111,glmnet,110
0.867994444444444,0.511569490214935,0.891666666666667,0.836182097477207,0.815789473684211,0.631578947368421,0.810810810810811,0.833333333333333,0.8,0.789473684210526,0.842105263157895,0.789473684210526,0.833333333333333,0.394736842105263,0.816666666666667,glmnet,111
0.916766666666667,0.663964993725939,0.808333333333333,0.748496768190255,0.631578947368421,0.23121387283237,0.740740740740741,1,0.222222222222222,0.588235294117647,1,0.588235294117647,1,0.526315789473684,0.611111111111111,glmnet,112
0.858455555555556,0.646811800029993,0.902777777777778,0.854620294666817,0.789473684210526,0.568181818181818,0.714285714285714,0.555555555555556,1,1,0.714285714285714,1,0.555555555555556,0.263157894736842,0.777777777777778,glmnet,113
0.869744444444444,0.552162503494573,0.85,0.776778066020817,0.789473684210526,0.575418994413408,0.80952380952381,0.85,0.722222222222222,0.772727272727273,0.8125,0.772727272727273,0.85,0.447368421052632,0.786111111111111,glmnet,114
0.863505555555556,0.649950258952018,0.894444444444444,0.844939807601185,0.789473684210526,0.570621468926554,0.733333333333333,0.611111111111111,0.95,0.916666666666667,0.730769230769231,0.916666666666667,0.611111111111111,0.289473684210526,0.780555555555556,glmnet,115
0.861366666666667,0.487493264019025,0.883333333333333,0.815617826252859,0.868421052631579,0.733893557422969,0.848484848484849,0.777777777777778,0.95,0.933333333333333,0.826086956521739,0.933333333333333,0.777777777777778,0.368421052631579,0.863888888888889,glmnet,116
0.880338888888889,0.521704704686308,0.844444444444444,0.791143934785805,0.815789473684211,0.627450980392157,0.787878787878788,0.722222222222222,0.9,0.866666666666667,0.782608695652174,0.866666666666667,0.722222222222222,0.342105263157895,0.811111111111111,glmnet,117
0.7893,0.631711323202053,0.986111111111111,0.933905641401365,0.921052631578947,0.842105263157895,0.918918918918919,0.944444444444444,0.9,0.894736842105263,0.947368421052632,0.894736842105263,0.944444444444444,0.447368421052632,0.922222222222222,glmnet,118
0.875344444444444,0.502644536019105,0.877777777777778,0.813974926348174,0.815789473684211,0.627450980392157,0.787878787878788,0.722222222222222,0.9,0.866666666666667,0.782608695652174,0.866666666666667,0.722222222222222,0.342105263157895,0.811111111111111,glmnet,119
0.847888888888889,0.653318780321128,0.916666666666667,0.851229611532025,0.763157894736842,0.512820512820513,0.666666666666667,0.5,1,1,0.689655172413793,1,0.5,0.236842105263158,0.75,glmnet,120
0.91485,0.653333292679835,0.8,0.753455880588163,0.763157894736842,0.521008403361345,0.727272727272727,0.666666666666667,0.85,0.8,0.739130434782609,0.8,0.666666666666667,0.315789473684211,0.758333333333333,glmnet,121
0.865838888888889,0.501187883521174,0.902777777777778,0.830677093123559,0.894736842105263,0.786516853932584,0.875,0.777777777777778,1,1,0.833333333333333,1,0.777777777777778,0.368421052631579,0.888888888888889,glmnet,122
0.895766666666667,0.539805837926101,0.861111111111111,0.797481612560392,0.815789473684211,0.625352112676056,0.774193548387097,0.666666666666667,0.95,0.923076923076923,0.76,0.923076923076923,0.666666666666667,0.315789473684211,0.808333333333333,glmnet,123
0.835161111111111,0.533697339700827,0.877777777777778,0.818176356911255,0.894736842105263,0.787709497206704,0.882352941176471,0.833333333333333,0.95,0.9375,0.863636363636364,0.9375,0.833333333333333,0.394736842105263,0.891666666666667,glmnet,124
0.85755,0.505575828588239,0.919444444444444,0.861756383296568,0.842105263157895,0.683333333333333,0.833333333333333,0.833333333333333,0.85,0.833333333333333,0.85,0.833333333333333,0.833333333333333,0.394736842105263,0.841666666666667,glmnet,125
0.862011111111111,0.480697950749588,0.894444444444444,0.824280850426532,0.894736842105263,0.787709497206704,0.882352941176471,0.833333333333333,0.95,0.9375,0.863636363636364,0.9375,0.833333333333333,0.394736842105263,0.891666666666667,glmnet,126
0.915994444444444,0.644608786563389,0.841666666666667,0.766298859761681,0.815789473684211,0.625352112676056,0.844444444444444,0.95,0.666666666666667,0.76,0.923076923076923,0.76,0.95,0.5,0.808333333333333,glmnet,127
0.83535,0.514094730879459,0.944444444444444,0.891384757201924,0.842105263157895,0.679775280898876,0.8125,0.722222222222222,0.95,0.928571428571428,0.791666666666667,0.928571428571429,0.722222222222222,0.342105263157895,0.836111111111111,glmnet,128
0.905716666666667,0.499639138353872,0.863888888888889,0.805130496972392,0.842105263157895,0.677966101694915,0.8,0.666666666666667,1,1,0.769230769230769,1,0.666666666666667,0.315789473684211,0.833333333333333,glmnet,129
0.871683333333333,0.50869490768402,0.913888888888889,0.850869535355604,0.842105263157895,0.685082872928177,0.842105263157895,0.888888888888889,0.8,0.8,0.888888888888889,0.8,0.888888888888889,0.421052631578947,0.844444444444444,glmnet,130
0.893444444444444,0.640319003526024,0.880555555555556,0.816978522732844,0.868421052631579,0.733893557422969,0.848484848484849,0.777777777777778,0.95,0.933333333333333,0.826086956521739,0.933333333333333,0.777777777777778,0.368421052631579,0.863888888888889,glmnet,131
0.875155555555556,0.513115035873439,0.85,0.774337581811928,0.815789473684211,0.627450980392157,0.787878787878788,0.722222222222222,0.9,0.866666666666667,0.782608695652174,0.866666666666667,0.722222222222222,0.342105263157895,0.811111111111111,glmnet,132
0.9515,0.513590885296005,0.802777777777778,0.752677275573182,0.789473684210526,0.577777777777778,0.777777777777778,0.777777777777778,0.8,0.777777777777778,0.8,0.777777777777778,0.777777777777778,0.368421052631579,0.788888888888889,glmnet,133
0.859888888888889,0.642477925052077,0.894444444444444,0.832869965252899,0.815789473684211,0.629526462395543,0.8,0.777777777777778,0.85,0.823529411764706,0.80952380952381,0.823529411764706,0.777777777777778,0.368421052631579,0.813888888888889,glmnet,134
0.889566666666667,0.482927436584167,0.877777777777778,0.819356766940604,0.815789473684211,0.629526462395543,0.8,0.777777777777778,0.85,0.823529411764706,0.80952380952381,0.823529411764706,0.777777777777778,0.368421052631579,0.813888888888889,glmnet,135
0.975977777777778,0.551855213493503,0.811111111111111,0.755048861954588,0.763157894736842,0.515580736543909,0.808510638297872,0.95,0.555555555555556,0.703703703703704,0.909090909090909,0.703703703703704,0.95,0.5,0.752777777777778,glmnet,136
0.872872222222222,0.516030025672747,0.886111111111111,0.813157384663899,0.868421052631579,0.735376044568245,0.857142857142857,0.833333333333333,0.9,0.882352941176471,0.857142857142857,0.882352941176471,0.833333333333333,0.394736842105263,0.866666666666667,glmnet,137
0.867222222222222,0.6401465499144,0.863888888888889,0.790069087658436,0.842105263157895,0.677966101694915,0.8,0.666666666666667,1,1,0.769230769230769,1,0.666666666666667,0.315789473684211,0.833333333333333,glmnet,138
0.91125,0.525898537508053,0.863888888888889,0.818389310160654,0.815789473684211,0.629526462395543,0.8,0.777777777777778,0.85,0.823529411764706,0.80952380952381,0.823529411764706,0.777777777777778,0.368421052631579,0.813888888888889,glmnet,139
0.875144444444445,0.480717965926024,0.894444444444444,0.822502746364653,0.868421052631579,0.732394366197183,0.838709677419355,0.722222222222222,1,1,0.8,1,0.722222222222222,0.342105263157895,0.861111111111111,glmnet,140
0.879466666666667,0.49306778801051,0.894444444444444,0.834611795961952,0.868421052631579,0.735376044568245,0.857142857142857,0.833333333333333,0.9,0.882352941176471,0.857142857142857,0.882352941176471,0.833333333333333,0.394736842105263,0.866666666666667,glmnet,141
0.834288888888889,0.648940194326149,0.841666666666667,0.789887991320492,0.736842105263158,0.46927374301676,0.705882352941177,0.666666666666667,0.8,0.75,0.727272727272727,0.75,0.666666666666667,0.315789473684211,0.733333333333333,glmnet,142
0.915605555555556,0.511926167788962,0.85,0.789685543241206,0.815789473684211,0.627450980392157,0.837209302325581,0.9,0.722222222222222,0.782608695652174,0.866666666666667,0.782608695652174,0.9,0.473684210526316,0.811111111111111,glmnet,143
0.895494444444444,0.64171612544898,0.894444444444444,0.850151737515483,0.815789473684211,0.623229461756374,0.758620689655172,0.611111111111111,1,1,0.740740740740741,1,0.611111111111111,0.289473684210526,0.805555555555556,glmnet,144
0.883511111111111,0.651853290882756,0.825,0.777413960098727,0.736842105263158,0.466292134831461,0.6875,0.611111111111111,0.85,0.785714285714286,0.708333333333333,0.785714285714286,0.611111111111111,0.289473684210526,0.730555555555556,glmnet,145
0.853922222222222,0.631743261470666,0.905555555555556,0.857308294658206,0.815789473684211,0.625352112676056,0.774193548387097,0.666666666666667,0.95,0.923076923076923,0.76,0.923076923076923,0.666666666666667,0.315789473684211,0.808333333333333,glmnet,146
0.919677777777778,0.520185210903154,0.869444444444444,0.817680443866062,0.815789473684211,0.627450980392157,0.787878787878788,0.722222222222222,0.9,0.866666666666667,0.782608695652174,0.866666666666667,0.722222222222222,0.342105263157895,0.811111111111111,glmnet,147
0.950594444444444,0.647501809072295,0.816666666666667,0.749511103799931,0.815789473684211,0.625352112676056,0.774193548387097,0.666666666666667,0.95,0.923076923076923,0.76,0.923076923076923,0.666666666666667,0.315789473684211,0.808333333333333,glmnet,148
0.850505555555556,0.65658362456628,0.861111111111111,0.812486875932258,0.710526315789474,0.407932011331445,0.620689655172414,0.5,0.9,0.818181818181818,0.666666666666667,0.818181818181818,0.5,0.236842105263158,0.7,glmnet,149
0.952905555555556,0.646826015072974,0.752777777777778,0.695632380108529,0.710526315789474,0.407932011331445,0.620689655172414,0.5,0.9,0.818181818181818,0.666666666666667,0.818181818181818,0.5,0.236842105263158,0.7,glmnet,150
0.843733333333333,0.469713888525907,0.9,0.833151490107759,0.921052631578947,0.840336134453782,0.909090909090909,0.833333333333333,1,1,0.869565217391304,1,0.833333333333333,0.394736842105263,0.916666666666667,glmnet,151
0.871433333333333,0.51693444075843,0.888888888888889,0.826573414135249,0.894736842105263,0.786516853932584,0.875,0.777777777777778,1,1,0.833333333333333,1,0.777777777777778,0.368421052631579,0.888888888888889,glmnet,152
0.835705555555556,0.635618855206063,0.894444444444444,0.825167261716862,0.842105263157895,0.679775280898876,0.8125,0.722222222222222,0.95,0.928571428571428,0.791666666666667,0.928571428571429,0.722222222222222,0.342105263157895,0.836111111111111,glmnet,153
0.901261111111111,0.477727725520806,0.844444444444444,0.78779348276651,0.789473684210526,0.580110497237569,0.789473684210526,0.833333333333333,0.75,0.75,0.833333333333333,0.75,0.833333333333333,0.394736842105263,0.791666666666667,glmnet,154
0.902322222222222,0.522612203629456,0.891666666666667,0.843773918061669,0.815789473684211,0.625352112676056,0.774193548387097,0.666666666666667,0.95,0.923076923076923,0.76,0.923076923076923,0.666666666666667,0.315789473684211,0.808333333333333,glmnet,155
0.889588888888889,0.653319347810006,0.847222222222222,0.78992191253155,0.789473684210526,0.570621468926554,0.826086956521739,0.95,0.611111111111111,0.730769230769231,0.916666666666667,0.730769230769231,0.95,0.5,0.780555555555556,glmnet,156
0.844738888888889,0.493145721820462,0.916666666666667,0.844583506787805,0.868421052631579,0.736842105263158,0.864864864864865,0.888888888888889,0.85,0.842105263157895,0.894736842105263,0.842105263157895,0.888888888888889,0.421052631578947,0.869444444444444,glmnet,157
0.93605,0.647315936293374,0.827777777777778,0.774026485478873,0.789473684210526,0.570621468926554,0.826086956521739,0.95,0.611111111111111,0.730769230769231,0.916666666666667,0.730769230769231,0.95,0.5,0.780555555555556,glmnet,158
0.883544444444444,0.461131148218128,0.872222222222222,0.815074921855164,0.842105263157895,0.681564245810056,0.823529411764706,0.777777777777778,0.9,0.875,0.818181818181818,0.875,0.777777777777778,0.368421052631579,0.838888888888889,glmnet,159
0.853538888888889,0.497607047323839,0.863888888888889,0.792141974812277,0.868421052631579,0.735376044568245,0.857142857142857,0.833333333333333,0.9,0.882352941176471,0.857142857142857,0.882352941176471,0.833333333333333,0.394736842105263,0.866666666666667,glmnet,160
0.910944444444444,0.51857962678318,0.841666666666667,0.789136369502346,0.815789473684211,0.631578947368421,0.810810810810811,0.833333333333333,0.8,0.789473684210526,0.842105263157895,0.789473684210526,0.833333333333333,0.394736842105263,0.816666666666667,glmnet,161
0.882055555555556,0.628066144048859,0.822222222222222,0.772391147851213,0.815789473684211,0.625352112676056,0.774193548387097,0.666666666666667,0.95,0.923076923076923,0.76,0.923076923076923,0.666666666666667,0.315789473684211,0.808333333333333,glmnet,162
0.889577777777778,0.523289668372858,0.897222222222222,0.833878833711373,0.921052631578947,0.841225626740947,0.926829268292683,0.95,0.888888888888889,0.904761904761905,0.941176470588235,0.904761904761905,0.95,0.5,0.919444444444444,glmnet,163
0.768866666666667,0.642105412879613,0.966666666666667,0.915425857164598,0.868421052631579,0.733893557422969,0.848484848484849,0.777777777777778,0.95,0.933333333333333,0.826086956521739,0.933333333333333,0.777777777777778,0.368421052631579,0.863888888888889,glmnet,164
0.932772222222222,0.519383154233903,0.808333333333333,0.75152095073353,0.842105263157895,0.679775280898876,0.8125,0.722222222222222,0.95,0.928571428571428,0.791666666666667,0.928571428571429,0.722222222222222,0.342105263157895,0.836111111111111,glmnet,165
0.866155555555556,0.488094276688278,0.891666666666667,0.842519479772163,0.789473684210526,0.577777777777778,0.777777777777778,0.777777777777778,0.8,0.777777777777778,0.8,0.777777777777778,0.777777777777778,0.368421052631579,0.788888888888889,glmnet,166
0.897055555555556,0.532961899406618,0.866666666666667,0.800835451718107,0.789473684210526,0.573033707865169,0.75,0.666666666666667,0.9,0.857142857142857,0.75,0.857142857142857,0.666666666666667,0.315789473684211,0.783333333333333,glmnet,167
0.878822222222222,0.500200320868008,0.886111111111111,0.813805160238114,0.894736842105263,0.786516853932584,0.875,0.777777777777778,1,1,0.833333333333333,1,0.777777777777778,0.368421052631579,0.888888888888889,glmnet,168
0.831288888888889,0.639189057991827,0.869444444444444,0.80865185862242,0.763157894736842,0.51830985915493,0.709677419354839,0.611111111111111,0.9,0.846153846153846,0.72,0.846153846153846,0.611111111111111,0.289473684210526,0.755555555555556,glmnet,169
0.87335,0.639106004748687,0.855555555555556,0.803050312441142,0.763157894736842,0.515580736543909,0.689655172413793,0.555555555555556,0.95,0.909090909090909,0.703703703703704,0.909090909090909,0.555555555555556,0.263157894736842,0.752777777777778,glmnet,170
0.854238888888889,0.647165768496058,0.902777777777778,0.84696327579433,0.868421052631579,0.732394366197183,0.838709677419355,0.722222222222222,1,1,0.8,1,0.722222222222222,0.342105263157895,0.861111111111111,glmnet,171
0.850816666666667,0.640755875002332,0.933333333333333,0.877836672440267,0.894736842105263,0.787709497206704,0.882352941176471,0.833333333333333,0.95,0.9375,0.863636363636364,0.9375,0.833333333333333,0.394736842105263,0.891666666666667,glmnet,172
0.849672222222222,0.644443798813395,0.916666666666667,0.845432397069555,0.815789473684211,0.623229461756374,0.758620689655172,0.611111111111111,1,1,0.740740740740741,1,0.611111111111111,0.289473684210526,0.805555555555556,glmnet,173
0.845994444444444,0.638937527244515,0.902777777777778,0.85244852332759,0.815789473684211,0.623229461756374,0.758620689655172,0.611111111111111,1,1,0.740740740740741,1,0.611111111111111,0.289473684210526,0.805555555555556,glmnet,174
0.847416666666667,0.633235390381618,0.897222222222222,0.829520459267301,0.815789473684211,0.623229461756374,0.758620689655172,0.611111111111111,1,1,0.740740740740741,1,0.611111111111111,0.289473684210526,0.805555555555556,glmnet,175
0.867277777777778,0.649113724528546,0.883333333333333,0.811724807846019,0.842105263157895,0.677966101694915,0.8,0.666666666666667,1,1,0.769230769230769,1,0.666666666666667,0.315789473684211,0.833333333333333,glmnet,176
0.859088888888889,0.531132587156092,0.866666666666667,0.793039572116517,0.842105263157895,0.681564245810056,0.823529411764706,0.777777777777778,0.9,0.875,0.818181818181818,0.875,0.777777777777778,0.368421052631579,0.838888888888889,glmnet,177
0.860194444444444,0.485425860057944,0.911111111111111,0.858425520114098,0.842105263157895,0.685082872928177,0.842105263157895,0.888888888888889,0.8,0.8,0.888888888888889,0.8,0.888888888888889,0.421052631578947,0.844444444444444,glmnet,178
0.885477777777778,0.649475968506648,0.844444444444444,0.772445328342988,0.736842105263158,0.460227272727273,0.642857142857143,0.5,0.95,0.9,0.678571428571429,0.9,0.5,0.236842105263158,0.725,glmnet,179
0.876022222222222,0.658224998438404,0.825,0.761968189464186,0.631578947368421,0.24,0.461538461538462,0.333333333333333,0.9,0.75,0.6,0.75,0.333333333333333,0.157894736842105,0.616666666666667,glmnet,180
0.853766666666667,0.62548680758975,0.894444444444444,0.839744721841166,0.815789473684211,0.623229461756374,0.758620689655172,0.611111111111111,1,1,0.740740740740741,1,0.611111111111111,0.289473684210526,0.805555555555556,glmnet,181
0.916972222222222,0.508994654328079,0.847222222222222,0.786755359452018,0.815789473684211,0.627450980392157,0.787878787878788,0.722222222222222,0.9,0.866666666666667,0.782608695652174,0.866666666666667,0.722222222222222,0.342105263157895,0.811111111111111,glmnet,182
0.9122,0.538350288357802,0.858333333333333,0.78621685713031,0.842105263157895,0.677966101694915,0.8,0.666666666666667,1,1,0.769230769230769,1,0.666666666666667,0.315789473684211,0.833333333333333,glmnet,183
0.870716666666667,0.650803011129627,0.858333333333333,0.798529014204431,0.789473684210526,0.573033707865169,0.75,0.666666666666667,0.9,0.857142857142857,0.75,0.857142857142857,0.666666666666667,0.315789473684211,0.783333333333333,glmnet,184
0.929,0.646337128600932,0.872222222222222,0.817555238260358,0.868421052631579,0.732394366197183,0.888888888888889,1,0.722222222222222,0.8,1,0.8,1,0.526315789473684,0.861111111111111,glmnet,185
0.898227777777778,0.536454067723317,0.877777777777778,0.820155508380913,0.894736842105263,0.787709497206704,0.882352941176471,0.833333333333333,0.95,0.9375,0.863636363636364,0.9375,0.833333333333333,0.394736842105263,0.891666666666667,glmnet,186
0.883605555555556,0.592756504290465,0.783333333333333,0.710856484825113,0.763157894736842,0.521008403361345,0.727272727272727,0.666666666666667,0.85,0.8,0.739130434782609,0.8,0.666666666666667,0.315789473684211,0.758333333333333,glmnet,187
0.919983333333333,0.655206577949433,0.822222222222222,0.752554996677369,0.815789473684211,0.623229461756374,0.851063829787234,1,0.611111111111111,0.740740740740741,1,0.740740740740741,1,0.526315789473684,0.805555555555556,glmnet,188
0.88305,0.638974905783992,0.841666666666667,0.776981038540485,0.789473684210526,0.570621468926554,0.733333333333333,0.611111111111111,0.95,0.916666666666667,0.730769230769231,0.916666666666667,0.611111111111111,0.289473684210526,0.780555555555556,glmnet,189
0.8884,0.642419584068186,0.886111111111111,0.826286023858769,0.842105263157895,0.679775280898876,0.8125,0.722222222222222,0.95,0.928571428571428,0.791666666666667,0.928571428571429,0.722222222222222,0.342105263157895,0.836111111111111,glmnet,190
0.920016666666667,0.629710715355412,0.847222222222222,0.787842616082281,0.868421052631579,0.733893557422969,0.848484848484849,0.777777777777778,0.95,0.933333333333333,0.826086956521739,0.933333333333333,0.777777777777778,0.368421052631579,0.863888888888889,glmnet,191
0.749211111111111,0.471667542877481,0.969444444444444,0.918416056015708,0.894736842105263,0.791208791208791,0.9,1,0.8,0.818181818181818,1,0.818181818181818,1,0.473684210526316,0.9,glmnet,192
0.927088888888889,0.511575846154999,0.85,0.791822605752519,0.842105263157895,0.677966101694915,0.8,0.666666666666667,1,1,0.769230769230769,1,0.666666666666667,0.315789473684211,0.833333333333333,glmnet,193
0.855822222222222,0.628318657417168,0.902777777777778,0.832696310106966,0.894736842105263,0.786516853932584,0.875,0.777777777777778,1,1,0.833333333333333,1,0.777777777777778,0.368421052631579,0.888888888888889,glmnet,194
0.804833333333333,0.645210269530068,0.95,0.898962881280935,0.842105263157895,0.677966101694915,0.8,0.666666666666667,1,1,0.769230769230769,1,0.666666666666667,0.315789473684211,0.833333333333333,glmnet,195
0.865727777777778,0.497793441139285,0.919444444444444,0.862081377053773,0.868421052631579,0.736842105263158,0.864864864864865,0.888888888888889,0.85,0.842105263157895,0.894736842105263,0.842105263157895,0.888888888888889,0.421052631578947,0.869444444444444,glmnet,196
0.848561111111111,0.62799184150677,0.897222222222222,0.849935578656686,0.868421052631579,0.733893557422969,0.848484848484849,0.777777777777778,0.95,0.933333333333333,0.826086956521739,0.933333333333333,0.777777777777778,0.368421052631579,0.863888888888889,glmnet,197
0.9444,0.518358386619889,0.816666666666667,0.747818747452895,0.815789473684211,0.627450980392157,0.787878787878788,0.722222222222222,0.9,0.866666666666667,0.782608695652174,0.866666666666667,0.722222222222222,0.342105263157895,0.811111111111111,glmnet,198
0.916861111111111,0.515389709898813,0.838888888888889,0.776434368074935,0.815789473684211,0.625352112676056,0.774193548387097,0.666666666666667,0.95,0.923076923076923,0.76,0.923076923076923,0.666666666666667,0.315789473684211,0.808333333333333,glmnet,199
0.874777777777778,0.402765257537622,0.908333333333333,0.852512320860727,0.868421052631579,0.733893557422969,0.848484848484849,0.777777777777778,0.95,0.933333333333333,0.826086956521739,0.933333333333333,0.777777777777778,0.368421052631579,0.863888888888889,rf,100
0.932275,0.475471690875097,0.863888888888889,0.798600099370576,0.842105263157895,0.681564245810056,0.823529411764706,0.777777777777778,0.9,0.875,0.818181818181818,0.875,0.777777777777778,0.368421052631579,0.838888888888889,rf,101
0.913005555555556,0.409375745579814,0.916666666666667,0.853857532884881,0.894736842105263,0.787709497206704,0.882352941176471,0.833333333333333,0.95,0.9375,0.863636363636364,0.9375,0.833333333333333,0.394736842105263,0.891666666666667,rf,102
0.840725,0.378949745176666,1,0.947222222222222,0.947368421052632,0.895027624309392,0.947368421052632,1,0.9,0.9,1,0.9,1,0.473684210526316,0.95,rf,103
0.9191,0.460188332199175,0.894444444444444,0.834123337406436,0.842105263157895,0.679775280898876,0.863636363636364,0.95,0.722222222222222,0.791666666666667,0.928571428571428,0.791666666666667,0.95,0.5,0.836111111111111,rf,104
0.9351,0.495728610314952,0.855555555555556,0.814109236015537,0.842105263157895,0.677966101694915,0.8,0.666666666666667,1,1,0.769230769230769,1,0.666666666666667,0.315789473684211,0.833333333333333,rf,105
0.900622222222222,0.4248899918368,0.9,0.852687537354502,0.789473684210526,0.575418994413408,0.764705882352941,0.722222222222222,0.85,0.8125,0.772727272727273,0.8125,0.722222222222222,0.342105263157895,0.786111111111111,rf,106
0.907108333333333,0.400677159790153,0.944444444444444,0.89598409981564,0.815789473684211,0.623229461756374,0.758620689655172,0.611111111111111,1,1,0.740740740740741,1,0.611111111111111,0.289473684210526,0.805555555555556,rf,107
0.896913888888889,0.404100764773585,0.913888888888889,0.842894333946853,0.842105263157895,0.679775280898876,0.8125,0.722222222222222,0.95,0.928571428571428,0.791666666666667,0.928571428571429,0.722222222222222,0.342105263157895,0.836111111111111,rf,108
0.901388888888889,0.408092013202155,0.913888888888889,0.865502585102745,0.842105263157895,0.683333333333333,0.833333333333333,0.833333333333333,0.85,0.833333333333333,0.85,0.833333333333333,0.833333333333333,0.394736842105263,0.841666666666667,rf,109
0.95,0.483665031938917,0.85,0.806433549599683,0.736842105263158,0.46927374301676,0.705882352941177,0.666666666666667,0.8,0.75,0.727272727272727,0.75,0.666666666666667,0.315789473684211,0.733333333333333,rf,110
0.9154,0.439779128045525,0.909722222222222,0.85598087310287,0.842105263157895,0.683333333333333,0.833333333333333,0.833333333333333,0.85,0.833333333333333,0.85,0.833333333333333,0.833333333333333,0.394736842105263,0.841666666666667,rf,111
0.949955555555556,0.637686178449443,0.766666666666667,0.72398005050132,0.710526315789474,0.404558404558405,0.775510204081633,0.95,0.444444444444444,0.655172413793103,0.888888888888889,0.655172413793103,0.95,0.5,0.697222222222222,rf,112
0.875802777777778,0.426653071529243,0.919444444444444,0.856450987779775,0.842105263157895,0.681564245810056,0.823529411764706,0.777777777777778,0.9,0.875,0.818181818181818,0.875,0.777777777777778,0.368421052631579,0.838888888888889,rf,113
0.890816666666667,0.424998021621758,0.930555555555556,0.866644589967547,0.894736842105263,0.787709497206704,0.904761904761905,0.95,0.833333333333333,0.863636363636364,0.9375,0.863636363636364,0.95,0.5,0.891666666666667,rf,114
0.897491666666667,0.480394808330875,0.856944444444444,0.805388454327464,0.789473684210526,0.577777777777778,0.777777777777778,0.777777777777778,0.8,0.777777777777778,0.8,0.777777777777778,0.777777777777778,0.368421052631579,0.788888888888889,rf,115
0.909622222222222,0.404791376002963,0.925,0.870356936577828,0.894736842105263,0.786516853932584,0.875,0.777777777777778,1,1,0.833333333333333,1,0.777777777777778,0.368421052631579,0.888888888888889,rf,116
0.908944444444444,0.475402079228984,0.852777777777778,0.808151986935121,0.815789473684211,0.629526462395543,0.8,0.777777777777778,0.85,0.823529411764706,0.80952380952381,0.823529411764706,0.777777777777778,0.368421052631579,0.813888888888889,rf,117
0.840122222222222,0.388160979079484,0.986111111111111,0.934029908525523,0.921052631578947,0.84297520661157,0.923076923076923,1,0.85,0.857142857142857,1,0.857142857142857,1,0.473684210526316,0.925,rf,118
0.926686111111111,0.477594959283441,0.848611111111111,0.79660788995902,0.736842105263158,0.472222222222222,0.722222222222222,0.722222222222222,0.75,0.722222222222222,0.75,0.722222222222222,0.722222222222222,0.342105263157895,0.736111111111111,rf,119
0.817838888888889,0.407583369698462,0.955555555555555,0.904828434376665,0.842105263157895,0.679775280898876,0.8125,0.722222222222222,0.95,0.928571428571428,0.791666666666667,0.928571428571429,0.722222222222222,0.342105263157895,0.836111111111111,rf,120
0.924569444444444,0.454431869980925,0.861111111111111,0.818324480619355,0.763157894736842,0.526315789473684,0.756756756756757,0.777777777777778,0.75,0.736842105263158,0.789473684210526,0.736842105263158,0.777777777777778,0.368421052631579,0.763888888888889,rf,121
0.892197222222222,0.41470495667397,0.905555555555556,0.851625696657035,0.894736842105263,0.786516853932584,0.875,0.777777777777778,1,1,0.833333333333333,1,0.777777777777778,0.368421052631579,0.888888888888889,rf,122
0.902033333333333,0.409799197787871,0.930555555555556,0.878102923998927,0.921052631578947,0.840336134453782,0.909090909090909,0.833333333333333,1,1,0.869565217391304,1,0.833333333333333,0.394736842105263,0.916666666666667,rf,123
0.863205555555556,0.414128100597041,0.922222222222222,0.874106535688096,0.815789473684211,0.633608815426997,0.82051282051282,0.888888888888889,0.75,0.761904761904762,0.882352941176471,0.761904761904762,0.888888888888889,0.421052631578947,0.819444444444444,rf,124
0.866694444444444,0.407637172874999,0.936111111111111,0.88930148009474,0.842105263157895,0.683333333333333,0.833333333333333,0.833333333333333,0.85,0.833333333333333,0.85,0.833333333333333,0.833333333333333,0.394736842105263,0.841666666666667,rf,125
0.883316666666667,0.411779705279353,0.9,0.857647702219253,0.815789473684211,0.627450980392157,0.787878787878788,0.722222222222222,0.9,0.866666666666667,0.782608695652174,0.866666666666667,0.722222222222222,0.342105263157895,0.811111111111111,rf,126
0.903461111111111,0.445343828458477,0.877777777777778,0.83502062630696,0.789473684210526,0.577777777777778,0.8,0.8,0.777777777777778,0.8,0.777777777777778,0.8,0.8,0.421052631578947,0.788888888888889,rf,127
0.894738888888889,0.443591866390538,0.922222222222222,0.871942462961406,0.868421052631579,0.733893557422969,0.848484848484849,0.777777777777778,0.95,0.933333333333333,0.826086956521739,0.933333333333333,0.777777777777778,0.368421052631579,0.863888888888889,rf,128
0.915808333333333,0.451933356194509,0.883333333333333,0.824793861220155,0.815789473684211,0.629526462395543,0.8,0.777777777777778,0.85,0.823529411764706,0.80952380952381,0.823529411764706,0.777777777777778,0.368421052631579,0.813888888888889,rf,129
0.871083333333333,0.424513460920523,0.908333333333333,0.846360037093396,0.842105263157895,0.683333333333333,0.833333333333333,0.833333333333333,0.85,0.833333333333333,0.85,0.833333333333333,0.833333333333333,0.394736842105263,0.841666666666667,rf,130
0.912122222222222,0.435818059548349,0.9,0.84781763323201,0.842105263157895,0.685082872928177,0.842105263157895,0.888888888888889,0.8,0.8,0.888888888888889,0.8,0.888888888888889,0.421052631578947,0.844444444444444,rf,131
0.903394444444444,0.424259341256267,0.869444444444444,0.81404852861277,0.815789473684211,0.627450980392157,0.787878787878788,0.722222222222222,0.9,0.866666666666667,0.782608695652174,0.866666666666667,0.722222222222222,0.342105263157895,0.811111111111111,rf,132
0.939975,0.46279297479175,0.861111111111111,0.816640260163922,0.763157894736842,0.523676880222841,0.742857142857143,0.722222222222222,0.8,0.764705882352941,0.761904761904762,0.764705882352941,0.722222222222222,0.342105263157895,0.761111111111111,rf,133
0.861925,0.398284809842866,0.941666666666667,0.894692827810466,0.789473684210526,0.582417582417582,0.8,0.888888888888889,0.7,0.727272727272727,0.875,0.727272727272727,0.888888888888889,0.421052631578947,0.794444444444444,rf,134
0.915941666666667,0.451594926905253,0.881944444444444,0.830813120204527,0.789473684210526,0.577777777777778,0.777777777777778,0.777777777777778,0.8,0.777777777777778,0.8,0.777777777777778,0.777777777777778,0.368421052631579,0.788888888888889,rf,135
0.973269444444444,0.519332246165672,0.827777777777778,0.787805474080711,0.815789473684211,0.625352112676056,0.844444444444444,0.95,0.666666666666667,0.76,0.923076923076923,0.76,0.95,0.5,0.808333333333333,rf,136
0.939677777777778,0.467301556775087,0.877777777777778,0.825377182773703,0.789473684210526,0.582417582417582,0.8,0.888888888888889,0.7,0.727272727272727,0.875,0.727272727272727,0.888888888888889,0.421052631578947,0.794444444444444,rf,137
0.884613888888889,0.417763136232731,0.904166666666667,0.852227043065053,0.868421052631579,0.735376044568245,0.857142857142857,0.833333333333333,0.9,0.882352941176471,0.857142857142857,0.882352941176471,0.833333333333333,0.394736842105263,0.866666666666667,rf,138
0.936255555555556,0.493952510330489,0.833333333333333,0.786927357004949,0.710526315789474,0.424242424242424,0.717948717948718,0.777777777777778,0.65,0.666666666666667,0.764705882352941,0.666666666666667,0.777777777777778,0.368421052631579,0.713888888888889,rf,139
0.91105,0.439718717842077,0.891666666666667,0.838587081689736,0.815789473684211,0.625352112676056,0.774193548387097,0.666666666666667,0.95,0.923076923076923,0.76,0.923076923076923,0.666666666666667,0.315789473684211,0.808333333333333,rf,140
0.896402777777778,0.392359493765723,0.922222222222222,0.871865649209217,0.815789473684211,0.631578947368421,0.810810810810811,0.833333333333333,0.8,0.789473684210526,0.842105263157895,0.789473684210526,0.833333333333333,0.394736842105263,0.816666666666667,rf,141
0.875941666666667,0.422979728647337,0.888888888888889,0.846193797039156,0.789473684210526,0.575418994413408,0.764705882352941,0.722222222222222,0.85,0.8125,0.772727272727273,0.8125,0.722222222222222,0.342105263157895,0.786111111111111,rf,142
0.928738888888889,0.458707481193191,0.880555555555556,0.820380726006307,0.789473684210526,0.570621468926554,0.826086956521739,0.95,0.611111111111111,0.730769230769231,0.916666666666667,0.730769230769231,0.95,0.5,0.780555555555556,rf,143
0.891069444444444,0.430421138018199,0.891666666666667,0.824979543231065,0.815789473684211,0.631578947368421,0.810810810810811,0.833333333333333,0.8,0.789473684210526,0.842105263157895,0.789473684210526,0.833333333333333,0.394736842105263,0.816666666666667,rf,144
0.904936111111111,0.442236649233343,0.875,0.833379316608449,0.815789473684211,0.629526462395543,0.8,0.777777777777778,0.85,0.823529411764706,0.80952380952381,0.823529411764706,0.777777777777778,0.368421052631579,0.813888888888889,rf,145
0.890941666666667,0.41724024647564,0.897222222222222,0.837119947533572,0.842105263157895,0.683333333333333,0.833333333333333,0.833333333333333,0.85,0.833333333333333,0.85,0.833333333333333,0.833333333333333,0.394736842105263,0.841666666666667,rf,146
0.920980555555556,0.420233365024361,0.916666666666667,0.868269023355297,0.842105263157895,0.679775280898876,0.8125,0.722222222222222,0.95,0.928571428571428,0.791666666666667,0.928571428571429,0.722222222222222,0.342105263157895,0.836111111111111,rf,147
0.929388888888889,0.463840667198902,0.872222222222222,0.822013760629074,0.736842105263158,0.475138121546961,0.736842105263158,0.777777777777778,0.7,0.7,0.777777777777778,0.7,0.777777777777778,0.368421052631579,0.738888888888889,rf,148
0.867316666666667,0.467621558855472,0.877777777777778,0.837424417545165,0.763157894736842,0.528925619834711,0.769230769230769,0.833333333333333,0.7,0.714285714285714,0.823529411764706,0.714285714285714,0.833333333333333,0.394736842105263,0.766666666666667,rf,149
0.947738888888889,0.501926680963447,0.8375,0.791499859779691,0.842105263157895,0.679775280898876,0.8125,0.722222222222222,0.95,0.928571428571428,0.791666666666667,0.928571428571429,0.722222222222222,0.342105263157895,0.836111111111111,rf,150
0.850697222222222,0.351015629386486,0.958333333333333,0.90867084965277,0.894736842105263,0.786516853932584,0.875,0.777777777777778,1,1,0.833333333333333,1,0.777777777777778,0.368421052631579,0.888888888888889,rf,151
0.902366666666667,0.418184373562594,0.9,0.845630793190532,0.868421052631579,0.733893557422969,0.848484848484849,0.777777777777778,0.95,0.933333333333333,0.826086956521739,0.933333333333333,0.777777777777778,0.368421052631579,0.863888888888889,rf,152
0.868511111111111,0.387250484906238,0.916666666666667,0.870301611488576,0.842105263157895,0.683333333333333,0.833333333333333,0.833333333333333,0.85,0.833333333333333,0.85,0.833333333333333,0.833333333333333,0.394736842105263,0.841666666666667,rf,153
0.937163888888889,0.452002838493819,0.873611111111111,0.818716993410761,0.789473684210526,0.580110497237569,0.789473684210526,0.833333333333333,0.75,0.75,0.833333333333333,0.75,0.833333333333333,0.394736842105263,0.791666666666667,rf,154
0.904594444444444,0.444372077594781,0.905555555555556,0.857670389570821,0.815789473684211,0.625352112676056,0.774193548387097,0.666666666666667,0.95,0.923076923076923,0.76,0.923076923076923,0.666666666666667,0.315789473684211,0.808333333333333,rf,155
0.910791666666667,0.423941554460204,0.886111111111111,0.839454849959939,0.842105263157895,0.681564245810056,0.857142857142857,0.9,0.777777777777778,0.818181818181818,0.875,0.818181818181818,0.9,0.473684210526316,0.838888888888889,rf,156
0.878822222222222,0.404021230764753,0.922222222222222,0.868378806398728,0.868421052631579,0.735376044568245,0.857142857142857,0.833333333333333,0.9,0.882352941176471,0.857142857142857,0.882352941176471,0.833333333333333,0.394736842105263,0.866666666666667,rf,157
0.950638888888889,0.548929596367387,0.794444444444444,0.749533337722693,0.710526315789474,0.421052631578947,0.717948717948718,0.7,0.722222222222222,0.736842105263158,0.684210526315789,0.736842105263158,0.7,0.368421052631579,0.711111111111111,rf,158
0.899625,0.39160400379716,0.913888888888889,0.868395571515655,0.815789473684211,0.629526462395543,0.8,0.777777777777778,0.85,0.823529411764706,0.80952380952381,0.823529411764706,0.777777777777778,0.368421052631579,0.813888888888889,rf,159
0.899730555555556,0.435918451517922,0.894444444444444,0.834454310342328,0.789473684210526,0.577777777777778,0.777777777777778,0.777777777777778,0.8,0.777777777777778,0.8,0.777777777777778,0.777777777777778,0.368421052631579,0.788888888888889,rf,160
0.931936111111111,0.492686494784025,0.848611111111111,0.784163042965911,0.789473684210526,0.580110497237569,0.789473684210526,0.833333333333333,0.75,0.75,0.833333333333333,0.75,0.833333333333333,0.394736842105263,0.791666666666667,rf,161
0.935519444444444,0.480389272139435,0.844444444444444,0.79559388155137,0.763157894736842,0.521008403361345,0.727272727272727,0.666666666666667,0.85,0.8,0.739130434782609,0.8,0.666666666666667,0.315789473684211,0.758333333333333,rf,162
0.905427777777778,0.411772122082618,0.922222222222222,0.864310934656217,0.842105263157895,0.685082872928177,0.842105263157895,0.8,0.888888888888889,0.888888888888889,0.8,0.888888888888889,0.8,0.421052631578947,0.844444444444444,rf,163
0.849994444444444,0.399761139066437,0.958333333333333,0.881111303809261,0.921052631578947,0.841225626740947,0.914285714285714,0.888888888888889,0.95,0.941176470588235,0.904761904761905,0.941176470588235,0.888888888888889,0.421052631578947,0.919444444444444,rf,164
0.934636111111111,0.452795572872737,0.870833333333333,0.832738881975793,0.789473684210526,0.573033707865169,0.75,0.666666666666667,0.9,0.857142857142857,0.75,0.857142857142857,0.666666666666667,0.315789473684211,0.783333333333333,rf,165
0.858486111111111,0.425118194358033,0.913888888888889,0.868560434841342,0.789473684210526,0.580110497237569,0.789473684210526,0.833333333333333,0.75,0.75,0.833333333333333,0.75,0.833333333333333,0.394736842105263,0.791666666666667,rf,166
0.899566666666667,0.44089945298698,0.9,0.82749904227823,0.842105263157895,0.681564245810056,0.823529411764706,0.777777777777778,0.9,0.875,0.818181818181818,0.875,0.777777777777778,0.368421052631579,0.838888888888889,rf,167
0.890886111111111,0.394574665809331,0.941666666666667,0.887441320632804,0.921052631578947,0.841225626740947,0.914285714285714,0.888888888888889,0.95,0.941176470588235,0.904761904761905,0.941176470588235,0.888888888888889,0.421052631578947,0.919444444444444,rf,168
0.861611111111111,0.4277431082736,0.933333333333333,0.885909341507269,0.842105263157895,0.679775280898876,0.8125,0.722222222222222,0.95,0.928571428571428,0.791666666666667,0.928571428571429,0.722222222222222,0.342105263157895,0.836111111111111,rf,169
0.906327777777778,0.458917380777439,0.866666666666667,0.826324526181192,0.789473684210526,0.575418994413408,0.764705882352941,0.722222222222222,0.85,0.8125,0.772727272727273,0.8125,0.722222222222222,0.342105263157895,0.786111111111111,rf,170
0.867416666666667,0.391437763725897,0.938888888888889,0.889239187189175,0.894736842105263,0.786516853932584,0.875,0.777777777777778,1,1,0.833333333333333,1,0.777777777777778,0.368421052631579,0.888888888888889,rf,171
0.8656,0.394704784246843,0.945833333333333,0.897796364248192,0.815789473684211,0.631578947368421,0.810810810810811,0.833333333333333,0.8,0.789473684210526,0.842105263157895,0.789473684210526,0.833333333333333,0.394736842105263,0.816666666666667,rf,172
0.878633333333333,0.414020078925972,0.936111111111111,0.88070190514219,0.921052631578947,0.841225626740947,0.914285714285714,0.888888888888889,0.95,0.941176470588235,0.904761904761905,0.941176470588235,0.888888888888889,0.421052631578947,0.919444444444444,rf,173
0.892763888888889,0.409446239174175,0.913888888888889,0.865478882062517,0.868421052631579,0.732394366197183,0.838709677419355,0.722222222222222,1,1,0.8,1,0.722222222222222,0.342105263157895,0.861111111111111,rf,174
0.871644444444444,0.376584817400226,0.936111111111111,0.886403089448172,0.894736842105263,0.786516853932584,0.875,0.777777777777778,1,1,0.833333333333333,1,0.777777777777778,0.368421052631579,0.888888888888889,rf,175
0.911133333333333,0.432808848182435,0.894444444444444,0.844917883904352,0.842105263157895,0.681564245810056,0.823529411764706,0.777777777777778,0.9,0.875,0.818181818181818,0.875,0.777777777777778,0.368421052631579,0.838888888888889,rf,176
0.910688888888889,0.425872439986578,0.913888888888889,0.860057411904102,0.815789473684211,0.627450980392157,0.787878787878788,0.722222222222222,0.9,0.866666666666667,0.782608695652174,0.866666666666667,0.722222222222222,0.342105263157895,0.811111111111111,rf,177
0.880047222222222,0.396524107532277,0.952777777777778,0.90214573103183,0.921052631578947,0.840336134453782,0.909090909090909,0.833333333333333,1,1,0.869565217391304,1,0.833333333333333,0.394736842105263,0.916666666666667,rf,178
0.872763888888889,0.466356262749594,0.870833333333333,0.81938395849175,0.868421052631579,0.733893557422969,0.848484848484849,0.777777777777778,0.95,0.933333333333333,0.826086956521739,0.933333333333333,0.777777777777778,0.368421052631579,0.863888888888889,rf,179
0.872030555555556,0.437892452374982,0.919444444444444,0.872663929363794,0.815789473684211,0.629526462395543,0.8,0.777777777777778,0.85,0.823529411764706,0.80952380952381,0.823529411764706,0.777777777777778,0.368421052631579,0.813888888888889,rf,180
0.8877,0.416441957391627,0.886111111111111,0.812994128354832,0.789473684210526,0.577777777777778,0.777777777777778,0.777777777777778,0.8,0.777777777777778,0.8,0.777777777777778,0.777777777777778,0.368421052631579,0.788888888888889,rf,181
0.925813888888889,0.437759346971443,0.891666666666667,0.847626560541728,0.789473684210526,0.577777777777778,0.777777777777778,0.777777777777778,0.8,0.777777777777778,0.8,0.777777777777778,0.777777777777778,0.368421052631579,0.788888888888889,rf,182
0.932961111111111,0.462572592946119,0.905555555555556,0.855641542033382,0.763157894736842,0.512820512820513,0.666666666666667,0.5,1,1,0.689655172413793,1,0.5,0.236842105263158,0.75,rf,183
0.878877777777778,0.393212088837464,0.916666666666667,0.86541398384044,0.894736842105263,0.787709497206704,0.882352941176471,0.833333333333333,0.95,0.9375,0.863636363636364,0.9375,0.833333333333333,0.394736842105263,0.891666666666667,rf,184
0.936313888888889,0.45858674767618,0.891666666666667,0.842141584180018,0.842105263157895,0.677966101694915,0.869565217391304,1,0.666666666666667,0.769230769230769,1,0.769230769230769,1,0.526315789473684,0.833333333333333,rf,185
0.901933333333333,0.480176815913366,0.863888888888889,0.811790624065999,0.789473684210526,0.580110497237569,0.789473684210526,0.833333333333333,0.75,0.75,0.833333333333333,0.75,0.833333333333333,0.394736842105263,0.791666666666667,rf,186
0.893452777777778,0.443273985507475,0.911111111111111,0.854348476131803,0.868421052631579,0.733893557422969,0.848484848484849,0.777777777777778,0.95,0.933333333333333,0.826086956521739,0.933333333333333,0.777777777777778,0.368421052631579,0.863888888888889,rf,187
0.924991666666667,0.514605392139259,0.833333333333333,0.792474613716066,0.815789473684211,0.627450980392157,0.837209302325581,0.9,0.722222222222222,0.782608695652174,0.866666666666667,0.782608695652174,0.9,0.473684210526316,0.811111111111111,rf,188
0.903827777777778,0.455984145690849,0.859722222222222,0.81327667475336,0.815789473684211,0.629526462395543,0.8,0.777777777777778,0.85,0.823529411764706,0.80952380952381,0.823529411764706,0.777777777777778,0.368421052631579,0.813888888888889,rf,189
0.8861,0.425896872007726,0.913888888888889,0.851174224907455,0.815789473684211,0.633608815426997,0.82051282051282,0.888888888888889,0.75,0.761904761904762,0.882352941176471,0.761904761904762,0.888888888888889,0.421052631578947,0.819444444444444,rf,190
0.929636111111111,0.495308946131996,0.856944444444444,0.811644830135205,0.684210526315789,0.373626373626374,0.7,0.777777777777778,0.6,0.636363636363636,0.75,0.636363636363636,0.777777777777778,0.368421052631579,0.688888888888889,rf,191
0.808369444444444,0.376975757797578,0.994444444444444,0.94186821219716,0.947368421052632,0.895027624309392,0.947368421052632,1,0.9,0.9,1,0.9,1,0.473684210526316,0.95,rf,192
0.920388888888889,0.429159785235753,0.897222222222222,0.85034263647508,0.868421052631579,0.732394366197183,0.838709677419355,0.722222222222222,1,1,0.8,1,0.722222222222222,0.342105263157895,0.861111111111111,rf,193
0.862530555555556,0.369041311633339,0.933333333333333,0.87826084766197,0.921052631578947,0.841225626740947,0.914285714285714,0.888888888888889,0.95,0.941176470588235,0.904761904761905,0.941176470588235,0.888888888888889,0.421052631578947,0.919444444444444,rf,194
0.823338888888889,0.372378457805818,0.975,0.923593972238403,0.894736842105263,0.787709497206704,0.882352941176471,0.833333333333333,0.95,0.9375,0.863636363636364,0.9375,0.833333333333333,0.394736842105263,0.891666666666667,rf,195
0.899705555555556,0.414823287276066,0.9125,0.863762436398082,0.921052631578947,0.840336134453782,0.909090909090909,0.833333333333333,1,1,0.869565217391304,1,0.833333333333333,0.394736842105263,0.916666666666667,rf,196
0.883713888888889,0.398270573318443,0.908333333333333,0.852809842571648,0.842105263157895,0.683333333333333,0.833333333333333,0.833333333333333,0.85,0.833333333333333,0.85,0.833333333333333,0.833333333333333,0.394736842105263,0.841666666666667,rf,197
0.94705,0.481341158185041,0.844444444444444,0.784626912420797,0.815789473684211,0.627450980392157,0.787878787878788,0.722222222222222,0.9,0.866666666666667,0.782608695652174,0.866666666666667,0.722222222222222,0.342105263157895,0.811111111111111,rf,198
0.931002777777778,0.420834594688623,0.9,0.855033413894869,0.842105263157895,0.679775280898876,0.8125,0.722222222222222,0.95,0.928571428571428,0.791666666666667,0.928571428571429,0.722222222222222,0.342105263157895,0.836111111111111,rf,199
0.840583333333333,0.442949546338447,0.838888888888889,0.768954095821789,0.842105263157895,0.681564245810056,0.823529411764706,0.777777777777778,0.9,0.875,0.818181818181818,0.875,0.777777777777778,0.368421052631579,0.838888888888889,svmRadial,100
0.888944444444444,0.579906740677896,0.844444444444444,0.783660804253311,0.763157894736842,0.521008403361345,0.727272727272727,0.666666666666667,0.85,0.8,0.739130434782609,0.8,0.666666666666667,0.315789473684211,0.758333333333333,svmRadial,101
0.863905555555556,0.483890197765401,0.894444444444444,0.82703961062468,0.815789473684211,0.635616438356164,0.829268292682927,0.944444444444444,0.7,0.739130434782609,0.933333333333333,0.739130434782609,0.944444444444444,0.447368421052632,0.822222222222222,svmRadial,102
0.842433333333333,0.687609848944046,0.819444444444444,0.749950467747026,0.736842105263158,0.486486486486487,0.782608695652174,1,0.5,0.642857142857143,1,0.642857142857143,1,0.473684210526316,0.75,svmRadial,103
0.876455555555556,0.541716477566165,0.816666666666667,0.756166598005408,0.736842105263158,0.472222222222222,0.75,0.75,0.722222222222222,0.75,0.722222222222222,0.75,0.75,0.394736842105263,0.736111111111111,svmRadial,104
0.898002777777778,0.719345513174402,0.816666666666667,0.78146464301395,0.736842105263158,0.472222222222222,0.722222222222222,0.722222222222222,0.75,0.722222222222222,0.75,0.722222222222222,0.722222222222222,0.342105263157895,0.736111111111111,svmRadial,105
0.826272222222222,0.54349868725605,0.825,0.776588013959872,0.736842105263158,0.483695652173913,0.772727272727273,0.944444444444444,0.55,0.653846153846154,0.916666666666667,0.653846153846154,0.944444444444444,0.447368421052632,0.747222222222222,svmRadial,106
0.870833333333333,0.481258810032346,0.863888888888889,0.801818830147905,0.789473684210526,0.582417582417582,0.8,0.888888888888889,0.7,0.727272727272727,0.875,0.727272727272727,0.888888888888889,0.421052631578947,0.794444444444444,svmRadial,107
0.821833333333333,0.558465478882362,0.802777777777778,0.751033655745846,0.684210526315789,0.373626373626374,0.7,0.777777777777778,0.6,0.636363636363636,0.75,0.636363636363636,0.777777777777778,0.368421052631579,0.688888888888889,svmRadial,108
0.896527777777778,0.748543168163028,0.822222222222222,0.755290239409924,0.736842105263158,0.478021978021978,0.75,0.833333333333333,0.65,0.681818181818182,0.8125,0.681818181818182,0.833333333333333,0.394736842105263,0.741666666666667,svmRadial,109
0.885466666666667,0.485977585541378,0.836111111111111,0.763875158206433,0.789473684210526,0.573033707865169,0.75,0.666666666666667,0.9,0.857142857142857,0.75,0.857142857142857,0.666666666666667,0.315789473684211,0.783333333333333,svmRadial,110
0.851594444444444,0.565630371908087,0.825,0.768583645527818,0.684210526315789,0.380434782608696,0.727272727272727,0.888888888888889,0.5,0.615384615384615,0.833333333333333,0.615384615384615,0.888888888888889,0.421052631578947,0.694444444444444,svmRadial,111
0.8798,0.521059084387057,0.805555555555556,0.747346922348008,0.789473684210526,0.573033707865169,0.818181818181818,0.9,0.666666666666667,0.75,0.857142857142857,0.75,0.9,0.473684210526316,0.783333333333333,svmRadial,112
0.76515,0.451680339511624,0.913888888888889,0.868567410885838,0.789473684210526,0.580110497237569,0.789473684210526,0.833333333333333,0.75,0.75,0.833333333333333,0.75,0.833333333333333,0.394736842105263,0.791666666666667,svmRadial,113
0.807766666666667,0.474384786563667,0.866666666666667,0.820975560805236,0.736842105263158,0.478021978021978,0.722222222222222,0.65,0.833333333333333,0.8125,0.681818181818182,0.8125,0.65,0.342105263157895,0.741666666666667,svmRadial,114
0.840794444444444,0.469364058950514,0.875,0.820783039618113,0.789473684210526,0.580110497237569,0.789473684210526,0.833333333333333,0.75,0.75,0.833333333333333,0.75,0.833333333333333,0.394736842105263,0.791666666666667,svmRadial,115
0.832438888888889,0.477911432291007,0.891666666666667,0.843965128113558,0.763157894736842,0.528925619834711,0.769230769230769,0.833333333333333,0.7,0.714285714285714,0.823529411764706,0.714285714285714,0.833333333333333,0.394736842105263,0.766666666666667,svmRadial,116
0.803311111111111,0.540955056732299,0.783333333333333,0.735845803956959,0.789473684210526,0.577777777777778,0.777777777777778,0.777777777777778,0.8,0.777777777777778,0.8,0.777777777777778,0.777777777777778,0.368421052631579,0.788888888888889,svmRadial,117
0.6957,0.54949794191498,0.902777777777778,0.846524446689406,0.710526315789474,0.436657681940701,0.765957446808511,1,0.45,0.620689655172414,1,0.620689655172414,1,0.473684210526316,0.725,svmRadial,118
0.812383333333333,0.406860963163399,0.875,0.814051713431761,0.842105263157895,0.683333333333333,0.833333333333333,0.833333333333333,0.85,0.833333333333333,0.85,0.833333333333333,0.833333333333333,0.394736842105263,0.841666666666667,svmRadial,119
0.845411111111111,0.513358251326763,0.858333333333333,0.790510363184122,0.815789473684211,0.629526462395543,0.8,0.777777777777778,0.85,0.823529411764706,0.80952380952381,0.823529411764706,0.777777777777778,0.368421052631579,0.813888888888889,svmRadial,120
0.903722222222222,0.558550951209598,0.845833333333333,0.807085433670008,0.684210526315789,0.380434782608696,0.727272727272727,0.888888888888889,0.5,0.615384615384615,0.833333333333333,0.615384615384615,0.888888888888889,0.421052631578947,0.694444444444444,svmRadial,121
0.747955555555556,0.519081491416519,0.833333333333333,0.776168537066491,0.842105263157895,0.679775280898876,0.8125,0.722222222222222,0.95,0.928571428571428,0.791666666666667,0.928571428571429,0.722222222222222,0.342105263157895,0.836111111111111,svmRadial,122
0.883916666666667,0.615866647151812,0.819444444444444,0.755160454799461,0.842105263157895,0.679775280898876,0.8125,0.722222222222222,0.95,0.928571428571428,0.791666666666667,0.928571428571429,0.722222222222222,0.342105263157895,0.836111111111111,svmRadial,123
0.793038888888889,0.430989147949604,0.872222222222222,0.798051447602999,0.868421052631579,0.735376044568245,0.857142857142857,0.833333333333333,0.9,0.882352941176471,0.857142857142857,0.882352941176471,0.833333333333333,0.394736842105263,0.866666666666667,svmRadial,124
0.805755555555556,0.336709179426997,0.925,0.852918366287062,0.868421052631579,0.736842105263158,0.864864864864865,0.888888888888889,0.85,0.842105263157895,0.894736842105263,0.842105263157895,0.888888888888889,0.421052631578947,0.869444444444444,svmRadial,125
0.866680555555556,0.529255144131782,0.897222222222222,0.843028799174612,0.657894736842105,0.334231805929919,0.723404255319149,0.944444444444444,0.4,0.586206896551724,0.888888888888889,0.586206896551724,0.944444444444444,0.447368421052632,0.672222222222222,svmRadial,126
0.910838888888889,0.540082281135663,0.808333333333333,0.76839977910393,0.684210526315789,0.370165745856354,0.684210526315789,0.65,0.722222222222222,0.722222222222222,0.65,0.722222222222222,0.65,0.342105263157895,0.686111111111111,svmRadial,127
0.838583333333333,0.579235271080701,0.761111111111111,0.704125062493613,0.605263157894737,0.219178082191781,0.634146341463415,0.722222222222222,0.5,0.565217391304348,0.666666666666667,0.565217391304348,0.722222222222222,0.342105263157895,0.611111111111111,svmRadial,128
0.903583333333333,0.757640423175837,0.758333333333333,0.698742962436115,0.684210526315789,0.363128491620112,0.647058823529412,0.611111111111111,0.75,0.6875,0.681818181818182,0.6875,0.611111111111111,0.289473684210526,0.680555555555556,svmRadial,129
0.8542,0.393413051508106,0.908333333333333,0.845925776505994,0.789473684210526,0.582417582417582,0.8,0.888888888888889,0.7,0.727272727272727,0.875,0.727272727272727,0.888888888888889,0.421052631578947,0.794444444444444,svmRadial,130
0.901755555555556,0.739506652746191,0.819444444444444,0.741380226788977,0.631578947368421,0.281081081081081,0.695652173913043,0.888888888888889,0.4,0.571428571428571,0.8,0.571428571428571,0.888888888888889,0.421052631578947,0.644444444444444,svmRadial,131
0.887072222222222,0.544856124764532,0.802777777777778,0.760951385152719,0.710526315789474,0.427397260273973,0.731707317073171,0.833333333333333,0.6,0.652173913043478,0.8,0.652173913043478,0.833333333333333,0.394736842105263,0.716666666666667,svmRadial,132
0.895338888888889,0.702714618352241,0.766666666666667,0.711656580927017,0.710526315789474,0.414565826330532,0.666666666666667,0.611111111111111,0.8,0.733333333333333,0.695652173913043,0.733333333333333,0.611111111111111,0.289473684210526,0.705555555555556,svmRadial,133
0.784911111111111,0.49347389110074,0.888888888888889,0.841892365641852,0.710526315789474,0.430517711171662,0.744186046511628,0.888888888888889,0.55,0.64,0.846153846153846,0.64,0.888888888888889,0.421052631578947,0.719444444444444,svmRadial,134
0.842577777777778,0.506070379757883,0.841666666666667,0.777018758818917,0.789473684210526,0.575418994413408,0.764705882352941,0.722222222222222,0.85,0.8125,0.772727272727273,0.8125,0.722222222222222,0.342105263157895,0.786111111111111,svmRadial,135
0.930838888888889,0.505115003370536,0.825,0.781713790092019,0.710526315789474,0.424242424242424,0.702702702702703,0.65,0.777777777777778,0.764705882352941,0.666666666666667,0.764705882352941,0.65,0.342105263157895,0.713888888888889,svmRadial,136
0.830588888888889,0.461121447192788,0.85,0.785126924971402,0.763157894736842,0.528925619834711,0.769230769230769,0.833333333333333,0.7,0.714285714285714,0.823529411764706,0.714285714285714,0.833333333333333,0.394736842105263,0.766666666666667,svmRadial,137
0.831155555555556,0.549238441180972,0.822222222222222,0.779677448311641,0.657894736842105,0.323287671232877,0.682926829268293,0.777777777777778,0.55,0.608695652173913,0.733333333333333,0.608695652173913,0.777777777777778,0.368421052631579,0.663888888888889,svmRadial,138
0.915622222222222,0.529818157666092,0.836111111111111,0.772774333341872,0.763157894736842,0.526315789473684,0.756756756756757,0.777777777777778,0.75,0.736842105263158,0.789473684210526,0.736842105263158,0.777777777777778,0.368421052631579,0.763888888888889,svmRadial,139
0.817983333333333,0.367244236086104,0.891666666666667,0.82210403790895,0.894736842105263,0.787709497206704,0.882352941176471,0.833333333333333,0.95,0.9375,0.863636363636364,0.9375,0.833333333333333,0.394736842105263,0.891666666666667,svmRadial,140
0.829416666666667,0.439759146675048,0.877777777777778,0.815671734060495,0.868421052631579,0.736842105263158,0.864864864864865,0.888888888888889,0.85,0.842105263157895,0.894736842105263,0.842105263157895,0.888888888888889,0.421052631578947,0.869444444444444,svmRadial,141
0.836583333333333,0.547534860926642,0.794444444444444,0.759381165366554,0.684210526315789,0.373626373626374,0.7,0.777777777777778,0.6,0.636363636363636,0.75,0.636363636363636,0.777777777777778,0.368421052631579,0.688888888888889,svmRadial,142
0.900872222222222,0.557744771323076,0.811111111111111,0.757881514195674,0.710526315789474,0.430517711171662,0.666666666666667,0.55,0.888888888888889,0.846153846153846,0.64,0.846153846153846,0.55,0.289473684210526,0.719444444444444,svmRadial,143
0.886455555555556,0.410407340798443,0.9,0.854660258602878,0.763157894736842,0.528925619834711,0.769230769230769,0.833333333333333,0.7,0.714285714285714,0.823529411764706,0.714285714285714,0.833333333333333,0.394736842105263,0.766666666666667,svmRadial,144
0.8772,0.575643551614813,0.777777777777778,0.750807166000896,0.631578947368421,0.273224043715847,0.666666666666667,0.777777777777778,0.5,0.583333333333333,0.714285714285714,0.583333333333333,0.777777777777778,0.368421052631579,0.638888888888889,svmRadial,145
0.884269444444444,0.50197810811724,0.875,0.820563787436207,0.710526315789474,0.430517711171662,0.744186046511628,0.888888888888889,0.55,0.64,0.846153846153846,0.64,0.888888888888889,0.421052631578947,0.719444444444444,svmRadial,146
0.912711111111111,0.565398687697848,0.825,0.758941136532608,0.789473684210526,0.577777777777778,0.777777777777778,0.777777777777778,0.8,0.777777777777778,0.8,0.777777777777778,0.777777777777778,0.368421052631579,0.788888888888889,svmRadial,147
0.897405555555556,0.532544490902292,0.841666666666667,0.800592447609769,0.710526315789474,0.430517711171662,0.744186046511628,0.888888888888889,0.55,0.64,0.846153846153846,0.64,0.888888888888889,0.421052631578947,0.719444444444444,svmRadial,148
0.828583333333333,0.625537237470924,0.736111111111111,0.68982010598265,0.684210526315789,0.380434782608696,0.727272727272727,0.888888888888889,0.5,0.615384615384615,0.833333333333333,0.615384615384615,0.888888888888889,0.421052631578947,0.694444444444444,svmRadial,149
0.902494444444444,0.624864732366919,0.755555555555556,0.70875533754513,0.763157894736842,0.521008403361345,0.727272727272727,0.666666666666667,0.85,0.8,0.739130434782609,0.8,0.666666666666667,0.315789473684211,0.758333333333333,svmRadial,150
0.762327777777778,0.450559298603551,0.891666666666667,0.822700181645956,0.842105263157895,0.683333333333333,0.833333333333333,0.833333333333333,0.85,0.833333333333333,0.85,0.833333333333333,0.833333333333333,0.394736842105263,0.841666666666667,svmRadial,151
0.785211111111111,0.533824310828634,0.841666666666667,0.801406295557983,0.657894736842105,0.326975476839237,0.697674418604651,0.833333333333333,0.5,0.6,0.769230769230769,0.6,0.833333333333333,0.394736842105263,0.666666666666667,svmRadial,152
0.847572222222222,0.516772572978151,0.836111111111111,0.770144309453445,0.710526315789474,0.421052631578947,0.702702702702703,0.722222222222222,0.7,0.684210526315789,0.736842105263158,0.684210526315789,0.722222222222222,0.342105263157895,0.711111111111111,svmRadial,153
0.877427777777778,0.681881507366046,0.8,0.745592113310474,0.710526315789474,0.417827298050139,0.685714285714286,0.666666666666667,0.75,0.705882352941176,0.714285714285714,0.705882352941177,0.666666666666667,0.315789473684211,0.708333333333333,svmRadial,154
0.844333333333333,0.439396258037182,0.891666666666667,0.841338144088641,0.842105263157895,0.681564245810056,0.823529411764706,0.777777777777778,0.9,0.875,0.818181818181818,0.875,0.777777777777778,0.368421052631579,0.838888888888889,svmRadial,155
0.850844444444444,0.49754755704451,0.852777777777778,0.807984128192343,0.789473684210526,0.577777777777778,0.8,0.8,0.777777777777778,0.8,0.777777777777778,0.8,0.8,0.421052631578947,0.788888888888889,svmRadial,156
0.809277777777778,0.556002167849131,0.777777777777778,0.69741748459765,0.710526315789474,0.421052631578947,0.702702702702703,0.722222222222222,0.7,0.684210526315789,0.736842105263158,0.684210526315789,0.722222222222222,0.342105263157895,0.711111111111111,svmRadial,157
0.947144444444444,0.661111361636875,0.802777777777778,0.755930167501546,0.657894736842105,0.323287671232877,0.628571428571429,0.55,0.777777777777778,0.733333333333333,0.608695652173913,0.733333333333333,0.55,0.289473684210526,0.663888888888889,svmRadial,158
0.865094444444444,0.510226574765003,0.863888888888889,0.807718174683348,0.815789473684211,0.631578947368421,0.810810810810811,0.833333333333333,0.8,0.789473684210526,0.842105263157895,0.789473684210526,0.833333333333333,0.394736842105263,0.816666666666667,svmRadial,159
0.862277777777778,0.609755886328373,0.791666666666667,0.737645541525261,0.684210526315789,0.359550561797753,0.625,0.555555555555556,0.8,0.714285714285714,0.666666666666667,0.714285714285714,0.555555555555556,0.263157894736842,0.677777777777778,svmRadial,160
0.8481,0.610107170035205,0.744444444444444,0.696462063595164,0.736842105263158,0.478021978021978,0.75,0.833333333333333,0.65,0.681818181818182,0.8125,0.681818181818182,0.833333333333333,0.394736842105263,0.741666666666667,svmRadial,161
0.897780555555556,0.595035275671367,0.813888888888889,0.756140177593561,0.657894736842105,0.323287671232877,0.682926829268293,0.777777777777778,0.55,0.608695652173913,0.733333333333333,0.608695652173913,0.777777777777778,0.368421052631579,0.663888888888889,svmRadial,162
0.865719444444444,0.442323375827285,0.913888888888889,0.85963058461223,0.815789473684211,0.633608815426997,0.810810810810811,0.75,0.888888888888889,0.88235294117647,0.761904761904762,0.882352941176471,0.75,0.394736842105263,0.819444444444444,svmRadial,163
0.669572222222222,0.440866157928702,0.952777777777778,0.901060810199976,0.815789473684211,0.637602179836512,0.837209302325581,1,0.65,0.72,1,0.72,1,0.473684210526316,0.825,svmRadial,164
0.928038888888889,0.491083335346331,0.872222222222222,0.817620830064199,0.789473684210526,0.575418994413408,0.764705882352941,0.722222222222222,0.85,0.8125,0.772727272727273,0.8125,0.722222222222222,0.342105263157895,0.786111111111111,svmRadial,165
0.797727777777778,0.52206534780208,0.841666666666667,0.787922701072644,0.763157894736842,0.531506849315069,0.780487804878049,0.888888888888889,0.65,0.695652173913043,0.866666666666667,0.695652173913043,0.888888888888889,0.421052631578947,0.769444444444444,svmRadial,166
0.875788888888889,0.556263445095875,0.775,0.743619463279504,0.684210526315789,0.370165745856354,0.684210526315789,0.722222222222222,0.65,0.65,0.722222222222222,0.65,0.722222222222222,0.342105263157895,0.686111111111111,svmRadial,167
0.8156,0.465828930590909,0.891666666666667,0.814668017705552,0.842105263157895,0.685082872928177,0.842105263157895,0.888888888888889,0.8,0.8,0.888888888888889,0.8,0.888888888888889,0.421052631578947,0.844444444444444,svmRadial,168
0.79935,0.533292744045478,0.844444444444444,0.791666094911513,0.736842105263158,0.480874316939891,0.761904761904762,0.888888888888889,0.6,0.666666666666667,0.857142857142857,0.666666666666667,0.888888888888889,0.421052631578947,0.744444444444444,svmRadial,169
0.82125,0.48647537346825,0.866666666666667,0.801871202443641,0.789473684210526,0.575418994413408,0.764705882352941,0.722222222222222,0.85,0.8125,0.772727272727273,0.8125,0.722222222222222,0.342105263157895,0.786111111111111,svmRadial,170
0.86407777777777794,0.430223001547798,0.911111111111111,0.859172058549731,0.763157894736842,0.531506849315069,0.780487804878049,0.888888888888889,0.65,0.695652173913043,0.866666666666667,0.695652173913043,0.888888888888889,0.421052631578947,0.769444444444444,svmRadial,171
0.844583333333333,0.491585542573377,0.905555555555556,0.842978725937899,0.763157894736842,0.534059945504087,0.790697674418605,0.944444444444444,0.6,0.68,0.923076923076923,0.68,0.944444444444444,0.447368421052632,0.772222222222222,svmRadial,172
0.765011111111111,0.544256011890742,0.825,0.7633620988922,0.763157894736842,0.526315789473684,0.756756756756757,0.777777777777778,0.75,0.736842105263158,0.789473684210526,0.736842105263158,0.777777777777778,0.368421052631579,0.763888888888889,svmRadial,173
0.86655,0.538868899425853,0.805555555555556,0.732985440739432,0.763157894736842,0.531506849315069,0.780487804878049,0.888888888888889,0.65,0.695652173913043,0.866666666666667,0.695652173913043,0.888888888888889,0.421052631578947,0.769444444444444,svmRadial,174
0.860775,0.542580294518938,0.863888888888889,0.825020943102216,0.657894736842105,0.330623306233062,0.711111111111111,0.888888888888889,0.45,0.592592592592593,0.818181818181818,0.592592592592593,0.888888888888889,0.421052631578947,0.669444444444444,svmRadial,175
0.802172222222222,0.400474607410652,0.913888888888889,0.866536358546144,0.842105263157895,0.679775280898876,0.8125,0.722222222222222,0.95,0.928571428571428,0.791666666666667,0.928571428571429,0.722222222222222,0.342105263157895,0.836111111111111,svmRadial,176
0.901558333333333,0.603622344663487,0.830555555555555,0.770729604919264,0.789473684210526,0.577777777777778,0.777777777777778,0.777777777777778,0.8,0.777777777777778,0.8,0.777777777777778,0.777777777777778,0.368421052631579,0.788888888888889,svmRadial,177
0.860116666666667,0.597903394714015,0.838888888888889,0.763005594187413,0.815789473684211,0.633608815426997,0.82051282051282,0.888888888888889,0.75,0.761904761904762,0.882352941176471,0.761904761904762,0.888888888888889,0.421052631578947,0.819444444444444,svmRadial,178
0.826844444444444,0.452586423524759,0.861111111111111,0.798828971794958,0.842105263157895,0.681564245810056,0.823529411764706,0.777777777777778,0.9,0.875,0.818181818181818,0.875,0.777777777777778,0.368421052631579,0.838888888888889,svmRadial,179
0.848838888888889,0.503483295895469,0.819444444444444,0.780797498964299,0.789473684210526,0.580110497237569,0.789473684210526,0.833333333333333,0.75,0.75,0.833333333333333,0.75,0.833333333333333,0.394736842105263,0.791666666666667,svmRadial,180
0.855427777777778,0.556167859686715,0.85,0.792646146918971,0.763157894736842,0.526315789473684,0.756756756756757,0.777777777777778,0.75,0.736842105263158,0.789473684210526,0.736842105263158,0.777777777777778,0.368421052631579,0.763888888888889,svmRadial,181
0.864788888888889,0.563297652974383,0.855555555555556,0.796876235722862,0.815789473684211,0.627450980392157,0.787878787878788,0.722222222222222,0.9,0.866666666666667,0.782608695652174,0.866666666666667,0.722222222222222,0.342105263157895,0.811111111111111,svmRadial,182
0.896516666666667,0.612907614206516,0.802777777777778,0.74311956800922,0.736842105263158,0.466292134831461,0.6875,0.611111111111111,0.85,0.785714285714286,0.708333333333333,0.785714285714286,0.611111111111111,0.289473684210526,0.730555555555556,svmRadial,183
0.862844444444444,0.545886013161917,0.802777777777778,0.768777990869276,0.657894736842105,0.323287671232877,0.682926829268293,0.777777777777778,0.55,0.608695652173913,0.733333333333333,0.608695652173913,0.777777777777778,0.368421052631579,0.663888888888889,svmRadial,184
0.861772222222222,0.439020401979244,0.902777777777778,0.85112175143833,0.868421052631579,0.733893557422969,0.883720930232558,0.95,0.777777777777778,0.826086956521739,0.933333333333333,0.826086956521739,0.95,0.5,0.863888888888889,svmRadial,185
0.869722222222222,0.567875223103531,0.836111111111111,0.77460569456121,0.789473684210526,0.580110497237569,0.789473684210526,0.833333333333333,0.75,0.75,0.833333333333333,0.75,0.833333333333333,0.394736842105263,0.791666666666667,svmRadial,186
0.892616666666667,0.917380894592192,0.711111111111111,0.656891857664003,0.657894736842105,0.319559228650138,0.666666666666667,0.722222222222222,0.6,0.619047619047619,0.705882352941177,0.619047619047619,0.722222222222222,0.342105263157895,0.661111111111111,svmRadial,187
0.874211111111111,0.615336511791786,0.747222222222222,0.693357497945057,0.657894736842105,0.30028328611898,0.723404255319149,0.85,0.444444444444444,0.62962962962963,0.727272727272727,0.62962962962963,0.85,0.447368421052632,0.647222222222222,svmRadial,188
0.802111111111111,0.458948628518248,0.863888888888889,0.80178386425429,0.815789473684211,0.629526462395543,0.8,0.777777777777778,0.85,0.823529411764706,0.80952380952381,0.823529411764706,0.777777777777778,0.368421052631579,0.813888888888889,svmRadial,189
0.831322222222222,0.393454548281895,0.905555555555556,0.848628265186375,0.842105263157895,0.685082872928177,0.842105263157895,0.888888888888889,0.8,0.8,0.888888888888889,0.8,0.888888888888889,0.421052631578947,0.844444444444444,svmRadial,190
0.860916666666667,0.508661447040133,0.822222222222222,0.774346129937842,0.789473684210526,0.577777777777778,0.777777777777778,0.777777777777778,0.8,0.777777777777778,0.8,0.777777777777778,0.777777777777778,0.368421052631579,0.788888888888889,svmRadial,191
0.748727777777778,0.471407592754257,0.891666666666667,0.828391898825173,0.789473684210526,0.58695652173913,0.818181818181818,1,0.6,0.692307692307692,1,0.692307692307692,1,0.473684210526316,0.8,svmRadial,192
0.908555555555556,0.587855627128565,0.8,0.725029404060884,0.710526315789474,0.417827298050139,0.685714285714286,0.666666666666667,0.75,0.705882352941176,0.714285714285714,0.705882352941177,0.666666666666667,0.315789473684211,0.708333333333333,svmRadial,193
0.831222222222222,0.566896718551814,0.844444444444444,0.775604444952109,0.763157894736842,0.531506849315069,0.780487804878049,0.888888888888889,0.65,0.695652173913043,0.866666666666667,0.695652173913043,0.888888888888889,0.421052631578947,0.769444444444444,svmRadial,194
0.727775,0.419448861138029,0.925,0.877340523292156,0.815789473684211,0.633608815426997,0.82051282051282,0.888888888888889,0.75,0.761904761904762,0.882352941176471,0.761904761904762,0.888888888888889,0.421052631578947,0.819444444444444,svmRadial,195
0.826377777777778,0.507945144825491,0.872222222222222,0.803523301241537,0.842105263157895,0.688524590163934,0.857142857142857,1,0.7,0.75,1,0.75,1,0.473684210526316,0.85,svmRadial,196
0.778688888888889,0.522375450049056,0.908333333333333,0.85848845006204,0.710526315789474,0.430517711171662,0.744186046511628,0.888888888888889,0.55,0.64,0.846153846153846,0.64,0.888888888888889,0.421052631578947,0.719444444444444,svmRadial,197
0.945383333333333,0.705477324365351,0.808333333333333,0.755138720590211,0.684210526315789,0.373626373626374,0.7,0.777777777777778,0.6,0.636363636363636,0.75,0.636363636363636,0.777777777777778,0.368421052631579,0.688888888888889,svmRadial,198
0.898938888888889,0.509056094473809,0.886111111111111,0.821007878616037,0.763157894736842,0.515580736543909,0.689655172413793,0.555555555555556,0.95,0.909090909090909,0.703703703703704,0.909090909090909,0.555555555555556,0.263157894736842,0.752777777777778,svmRadial,199
